constraint_key,subject,predicate,rtype,object,operation,description,combined
"ActuatableProperty,madeActuation,some,Actuation",ActuatableProperty,madeActuation,some,Actuation,original,"An ActuatableProperty refers to a characteristic or attribute of a system that can be influenced or modified through a specific action. This property is designed to be directly affected by an actuation process, indicating a clear relationship between the property and the action taken. ActuatableProperties are integral to systems that require active manipulation, allowing for dynamic control and adjustment. They play a crucial role in the functionality of actuators within various applications. ['This property is designed to be directly affected by an actuation process, indicating a clear relationship between the property and the action taken.']","An ActuatableProperty refers to a characteristic or attribute of a system that can be influenced or modified through a specific action. This property is designed to be directly affected by an actuation process, indicating a clear relationship between the property and the action taken. ActuatableProperties are integral to systems that require active manipulation, allowing for dynamic control and adjustment. They play a crucial role in the functionality of actuators within various applications. ['This property is designed to be directly affected by an actuation process, indicating a clear relationship between the property and the action taken.']"
"Actuation,actsOnProperty,some,ActuatableProperty",Actuation,actsOnProperty,some,ActuatableProperty,original,"Actuation refers to the process by which an actuator exerts influence on a specific property, typically an actuatable property, to achieve a desired effect. This process is closely tied to a particular feature of interest, which is the focus of the actuation. Each actuation yields a specific result, reflecting the outcome of the interaction between the actuator and the property it acts upon. The actuation is guided by a defined procedure that outlines the steps necessary to achieve the intended outcome. ['an actuator exerts influence on a specific property, typically an actuatable property.']","Actuation refers to the process by which an actuator exerts influence on a specific property, typically an actuatable property, to achieve a desired effect. This process is closely tied to a particular feature of interest, which is the focus of the actuation. Each actuation yields a specific result, reflecting the outcome of the interaction between the actuator and the property it acts upon. The actuation is guided by a defined procedure that outlines the steps necessary to achieve the intended outcome. ['an actuator exerts influence on a specific property, typically an actuatable property.']"
"Actuation,hasFeatureOfInterest,some,FeatureOfInterest",Actuation,hasFeatureOfInterest,some,FeatureOfInterest,original,"Actuation refers to the process by which an actuator exerts influence on a specific property, typically an actuatable property, to achieve a desired effect. This process is closely tied to a particular feature of interest, which is the focus of the actuation. Each actuation yields a specific result, reflecting the outcome of the interaction between the actuator and the property it acts upon. The actuation is guided by a defined procedure that outlines the steps necessary to achieve the intended outcome. ['closely tied to a particular feature of interest, which is the focus of the actuation.']","Actuation refers to the process by which an actuator exerts influence on a specific property, typically an actuatable property, to achieve a desired effect. This process is closely tied to a particular feature of interest, which is the focus of the actuation. Each actuation yields a specific result, reflecting the outcome of the interaction between the actuator and the property it acts upon. The actuation is guided by a defined procedure that outlines the steps necessary to achieve the intended outcome. ['closely tied to a particular feature of interest, which is the focus of the actuation.']"
"Actuation,hasResult,some,Result",Actuation,hasResult,some,Result,original,"Actuation refers to the process by which an actuator exerts influence on a specific property, typically an actuatable property, to achieve a desired effect. This process is closely tied to a particular feature of interest, which is the focus of the actuation. Each actuation yields a specific result, reflecting the outcome of the interaction between the actuator and the property it acts upon. The actuation is guided by a defined procedure that outlines the steps necessary to achieve the intended outcome. ['each actuation yields a specific result, reflecting the outcome of the interaction.']","Actuation refers to the process by which an actuator exerts influence on a specific property, typically an actuatable property, to achieve a desired effect. This process is closely tied to a particular feature of interest, which is the focus of the actuation. Each actuation yields a specific result, reflecting the outcome of the interaction between the actuator and the property it acts upon. The actuation is guided by a defined procedure that outlines the steps necessary to achieve the intended outcome. ['each actuation yields a specific result, reflecting the outcome of the interaction.']"
"Actuation,usedProcedure,some,Procedure",Actuation,usedProcedure,some,Procedure,original,"Actuation refers to the process by which an actuator exerts influence on a specific property, typically an actuatable property, to achieve a desired effect. This process is closely tied to a particular feature of interest, which is the focus of the actuation. Each actuation yields a specific result, reflecting the outcome of the interaction between the actuator and the property it acts upon. The actuation is guided by a defined procedure that outlines the steps necessary to achieve the intended outcome. ['the actuation is guided by a defined procedure that outlines the steps necessary to achieve the intended outcome.']","Actuation refers to the process by which an actuator exerts influence on a specific property, typically an actuatable property, to achieve a desired effect. This process is closely tied to a particular feature of interest, which is the focus of the actuation. Each actuation yields a specific result, reflecting the outcome of the interaction between the actuator and the property it acts upon. The actuation is guided by a defined procedure that outlines the steps necessary to achieve the intended outcome. ['the actuation is guided by a defined procedure that outlines the steps necessary to achieve the intended outcome.']"
"Actuator,actsOnProperty,some,ActuatableProperty",Actuator,actsOnProperty,some,ActuatableProperty,original,"An Actuator is a specialized device that is designed to perform actions or control mechanisms in response to signals or commands. It is specifically tailored to execute actuations, which are defined actions that affect the state of a system or environment. Each Actuator is associated with a specific type of property that it can influence, ensuring that its functionality is aligned with the properties it is intended to actuate. As such, an Actuator plays a crucial role in the operational dynamics of a system, enabling precise control over various actuatable properties. ['Each Actuator is associated with a specific type of property that it can influence, ensuring that its functionality is aligned with the properties it is intended to actuate.']","An Actuator is a specialized device that is designed to perform actions or control mechanisms in response to signals or commands. It is specifically tailored to execute actuations, which are defined actions that affect the state of a system or environment. Each Actuator is associated with a specific type of property that it can influence, ensuring that its functionality is aligned with the properties it is intended to actuate. As such, an Actuator plays a crucial role in the operational dynamics of a system, enabling precise control over various actuatable properties. ['Each Actuator is associated with a specific type of property that it can influence, ensuring that its functionality is aligned with the properties it is intended to actuate.']"
"Deployment,deployedOnPlatform,some,Platform",Deployment,deployedOnPlatform,some,Platform,original,"The Deployment class represents a specific arrangement where a system is installed or utilized on a designated platform. Each deployment is tailored to a particular property, ensuring that the system operates within defined parameters. This class encapsulates the relationship between the system, the platform it operates on, and the property it addresses, emphasizing the structured nature of sensor network configurations. Through this class, one can understand how various components are systematically organized to achieve functional outcomes in a sensor network environment. ['(""...where a system is installed or utilized on a designated platform."")']","The Deployment class represents a specific arrangement where a system is installed or utilized on a designated platform. Each deployment is tailored to a particular property, ensuring that the system operates within defined parameters. This class encapsulates the relationship between the system, the platform it operates on, and the property it addresses, emphasizing the structured nature of sensor network configurations. Through this class, one can understand how various components are systematically organized to achieve functional outcomes in a sensor network environment. ['(""...where a system is installed or utilized on a designated platform."")']"
"Deployment,deployedSystem,some,System",Deployment,deployedSystem,some,System,original,"The Deployment class represents a specific arrangement where a system is installed or utilized on a designated platform. Each deployment is tailored to a particular property, ensuring that the system operates within defined parameters. This class encapsulates the relationship between the system, the platform it operates on, and the property it addresses, emphasizing the structured nature of sensor network configurations. Through this class, one can understand how various components are systematically organized to achieve functional outcomes in a sensor network environment. ['(""The Deployment class encapsulates the relationship between the system, the platform it operates on, and the property it addresses, emphasizing the structured nature of sensor network configurations."")']","The Deployment class represents a specific arrangement where a system is installed or utilized on a designated platform. Each deployment is tailored to a particular property, ensuring that the system operates within defined parameters. This class encapsulates the relationship between the system, the platform it operates on, and the property it addresses, emphasizing the structured nature of sensor network configurations. Through this class, one can understand how various components are systematically organized to achieve functional outcomes in a sensor network environment. ['(""The Deployment class encapsulates the relationship between the system, the platform it operates on, and the property it addresses, emphasizing the structured nature of sensor network configurations."")']"
"Deployment,forProperty,some,Property",Deployment,forProperty,some,Property,original,"The Deployment class represents a specific arrangement where a system is installed or utilized on a designated platform. Each deployment is tailored to a particular property, ensuring that the system operates within defined parameters. This class encapsulates the relationship between the system, the platform it operates on, and the property it addresses, emphasizing the structured nature of sensor network configurations. Through this class, one can understand how various components are systematically organized to achieve functional outcomes in a sensor network environment. ['(""Each deployment is tailored to a particular property, ensuring that the system operates within defined parameters."")']","The Deployment class represents a specific arrangement where a system is installed or utilized on a designated platform. Each deployment is tailored to a particular property, ensuring that the system operates within defined parameters. This class encapsulates the relationship between the system, the platform it operates on, and the property it addresses, emphasizing the structured nature of sensor network configurations. Through this class, one can understand how various components are systematically organized to achieve functional outcomes in a sensor network environment. ['(""Each deployment is tailored to a particular property, ensuring that the system operates within defined parameters."")']"
"FeatureOfInterest,hasProperty,some,Property",FeatureOfInterest,hasProperty,some,Property,original,"A Feature of Interest represents a specific entity or aspect that is being observed or measured within a particular context. It is intrinsically linked to samples, indicating that each Feature of Interest is associated exclusively with a specific sample that provides data about it. Furthermore, every Feature of Interest is defined by its properties, which describe its characteristics and behaviors in the context of observation or measurement. This concept is crucial for understanding the nature of the phenomena being studied in a semantic sensor network. ['(""every Feature of Interest is defined by its properties, which describe its characteristics and behaviors in the context of observation or measurement."")']","A Feature of Interest represents a specific entity or aspect that is being observed or measured within a particular context. It is intrinsically linked to samples, indicating that each Feature of Interest is associated exclusively with a specific sample that provides data about it. Furthermore, every Feature of Interest is defined by its properties, which describe its characteristics and behaviors in the context of observation or measurement. This concept is crucial for understanding the nature of the phenomena being studied in a semantic sensor network. ['(""every Feature of Interest is defined by its properties, which describe its characteristics and behaviors in the context of observation or measurement."")']"
"FeatureOfInterest,hasSample,some,Sample",FeatureOfInterest,hasSample,some,Sample,original,"A Feature of Interest represents a specific entity or aspect that is being observed or measured within a particular context. It is intrinsically linked to samples, indicating that each Feature of Interest is associated exclusively with a specific sample that provides data about it. Furthermore, every Feature of Interest is defined by its properties, which describe its characteristics and behaviors in the context of observation or measurement. This concept is crucial for understanding the nature of the phenomena being studied in a semantic sensor network. ['(""each Feature of Interest is associated exclusively with a specific sample that provides data about it."")']","A Feature of Interest represents a specific entity or aspect that is being observed or measured within a particular context. It is intrinsically linked to samples, indicating that each Feature of Interest is associated exclusively with a specific sample that provides data about it. Furthermore, every Feature of Interest is defined by its properties, which describe its characteristics and behaviors in the context of observation or measurement. This concept is crucial for understanding the nature of the phenomena being studied in a semantic sensor network. ['(""each Feature of Interest is associated exclusively with a specific sample that provides data about it."")']"
"ObservableProperty,madeBySensor,some,Sensor",ObservableProperty,madeBySensor,some,Sensor,original,"An ObservableProperty is a characteristic or attribute of a feature that can be measured or monitored. This property is specifically linked to sensors, which are responsible for observing and collecting data about it. ObservableProperties serve as key indicators within a system, providing valuable insights into the state or condition of the features they represent. Their measurements are essential for understanding and analyzing various phenomena in the environment. ['(""this property is specifically linked to sensors, which are responsible for observing and collecting data about it"")']","An ObservableProperty is a characteristic or attribute of a feature that can be measured or monitored. This property is specifically linked to sensors, which are responsible for observing and collecting data about it. ObservableProperties serve as key indicators within a system, providing valuable insights into the state or condition of the features they represent. Their measurements are essential for understanding and analyzing various phenomena in the environment. ['(""this property is specifically linked to sensors, which are responsible for observing and collecting data about it"")']"
"Observation,hasFeatureOfInterest,some,FeatureOfInterest",Observation,hasFeatureOfInterest,some,FeatureOfInterest,original,"An Observation represents a specific instance of data collection that focuses on a particular feature of interest. Each observation is associated with a unique result that reflects the data gathered during the observation process. It is conducted by a sensor and is linked to a specific observable property, following a defined procedure, and is often triggered by a stimulus. This class encapsulates the essential elements required to understand and interpret the context and outcome of the observation. ['(""focuses on a particular feature of interest"")']","An Observation represents a specific instance of data collection that focuses on a particular feature of interest. Each observation is associated with a unique result that reflects the data gathered during the observation process. It is conducted by a sensor and is linked to a specific observable property, following a defined procedure, and is often triggered by a stimulus. This class encapsulates the essential elements required to understand and interpret the context and outcome of the observation. ['(""focuses on a particular feature of interest"")']"
"Observation,hasResult,some,Result",Observation,hasResult,some,Result,original,"An Observation represents a specific instance of data collection that focuses on a particular feature of interest. Each observation is associated with a unique result that reflects the data gathered during the observation process. It is conducted by a sensor and is linked to a specific observable property, following a defined procedure, and is often triggered by a stimulus. This class encapsulates the essential elements required to understand and interpret the context and outcome of the observation. ['(""Each observation is associated with a unique result that reflects the data gathered during the observation process."")']","An Observation represents a specific instance of data collection that focuses on a particular feature of interest. Each observation is associated with a unique result that reflects the data gathered during the observation process. It is conducted by a sensor and is linked to a specific observable property, following a defined procedure, and is often triggered by a stimulus. This class encapsulates the essential elements required to understand and interpret the context and outcome of the observation. ['(""Each observation is associated with a unique result that reflects the data gathered during the observation process."")']"
"Observation,madeBySensor,some,Sensor",Observation,madeBySensor,some,Sensor,original,"An Observation represents a specific instance of data collection that focuses on a particular feature of interest. Each observation is associated with a unique result that reflects the data gathered during the observation process. It is conducted by a sensor and is linked to a specific observable property, following a defined procedure, and is often triggered by a stimulus. This class encapsulates the essential elements required to understand and interpret the context and outcome of the observation. ['(""It is conducted by a sensor."")']","An Observation represents a specific instance of data collection that focuses on a particular feature of interest. Each observation is associated with a unique result that reflects the data gathered during the observation process. It is conducted by a sensor and is linked to a specific observable property, following a defined procedure, and is often triggered by a stimulus. This class encapsulates the essential elements required to understand and interpret the context and outcome of the observation. ['(""It is conducted by a sensor."")']"
"Observation,observedProperty,some,ObservableProperty",Observation,observedProperty,some,ObservableProperty,original,"An Observation represents a specific instance of data collection that focuses on a particular feature of interest. Each observation is associated with a unique result that reflects the data gathered during the observation process. It is conducted by a sensor and is linked to a specific observable property, following a defined procedure, and is often triggered by a stimulus. This class encapsulates the essential elements required to understand and interpret the context and outcome of the observation. ['(""is linked to a specific observable property"")']","An Observation represents a specific instance of data collection that focuses on a particular feature of interest. Each observation is associated with a unique result that reflects the data gathered during the observation process. It is conducted by a sensor and is linked to a specific observable property, following a defined procedure, and is often triggered by a stimulus. This class encapsulates the essential elements required to understand and interpret the context and outcome of the observation. ['(""is linked to a specific observable property"")']"
"Observation,usedProcedure,some,Procedure",Observation,usedProcedure,some,Procedure,original,"An Observation represents a specific instance of data collection that focuses on a particular feature of interest. Each observation is associated with a unique result that reflects the data gathered during the observation process. It is conducted by a sensor and is linked to a specific observable property, following a defined procedure, and is often triggered by a stimulus. This class encapsulates the essential elements required to understand and interpret the context and outcome of the observation. ['(""following a defined procedure"")']","An Observation represents a specific instance of data collection that focuses on a particular feature of interest. Each observation is associated with a unique result that reflects the data gathered during the observation process. It is conducted by a sensor and is linked to a specific observable property, following a defined procedure, and is often triggered by a stimulus. This class encapsulates the essential elements required to understand and interpret the context and outcome of the observation. ['(""following a defined procedure"")']"
"Observation,wasOriginatedBy,some,Stimulus",Observation,wasOriginatedBy,some,Stimulus,original,"An Observation represents a specific instance of data collection that focuses on a particular feature of interest. Each observation is associated with a unique result that reflects the data gathered during the observation process. It is conducted by a sensor and is linked to a specific observable property, following a defined procedure, and is often triggered by a stimulus. This class encapsulates the essential elements required to understand and interpret the context and outcome of the observation. ['(""is often triggered by a stimulus"")']","An Observation represents a specific instance of data collection that focuses on a particular feature of interest. Each observation is associated with a unique result that reflects the data gathered during the observation process. It is conducted by a sensor and is linked to a specific observable property, following a defined procedure, and is often triggered by a stimulus. This class encapsulates the essential elements required to understand and interpret the context and outcome of the observation. ['(""is often triggered by a stimulus"")']"
"Output,madeByActuator,some,Actuator",Output,madeByActuator,some,Actuator,original,"The Output class represents the results produced by a system's processes, typically generated as a response to an input or observation. It encompasses various types of data or information that can be utilized for further analysis or action. Outputs may result from the operation of sensors, actuators, or sampling devices, reflecting the state or changes in the environment. In essence, this class captures the tangible outcomes of interactions within a semantic sensor network. ['(""Outputs may result from the operation of actuators"")']","The Output class represents the results produced by a system's processes, typically generated as a response to an input or observation. It encompasses various types of data or information that can be utilized for further analysis or action. Outputs may result from the operation of sensors, actuators, or sampling devices, reflecting the state or changes in the environment. In essence, this class captures the tangible outcomes of interactions within a semantic sensor network. ['(""Outputs may result from the operation of actuators"")']"
"Output,madeBySampler,some,Sampler",Output,madeBySampler,some,Sampler,original,"The Output class represents the results produced by a system's processes, typically generated as a response to an input or observation. It encompasses various types of data or information that can be utilized for further analysis or action. Outputs may result from the operation of sensors, actuators, or sampling devices, reflecting the state or changes in the environment. In essence, this class captures the tangible outcomes of interactions within a semantic sensor network. ['(""Outputs may result from the operation of sampling devices"")']","The Output class represents the results produced by a system's processes, typically generated as a response to an input or observation. It encompasses various types of data or information that can be utilized for further analysis or action. Outputs may result from the operation of sensors, actuators, or sampling devices, reflecting the state or changes in the environment. In essence, this class captures the tangible outcomes of interactions within a semantic sensor network. ['(""Outputs may result from the operation of sampling devices"")']"
"Output,madeBySensor,some,Sensor",Output,madeBySensor,some,Sensor,original,"The Output class represents the results produced by a system's processes, typically generated as a response to an input or observation. It encompasses various types of data or information that can be utilized for further analysis or action. Outputs may result from the operation of sensors, actuators, or sampling devices, reflecting the state or changes in the environment. In essence, this class captures the tangible outcomes of interactions within a semantic sensor network. ['(""Outputs may result from the operation of sensors"")']","The Output class represents the results produced by a system's processes, typically generated as a response to an input or observation. It encompasses various types of data or information that can be utilized for further analysis or action. Outputs may result from the operation of sensors, actuators, or sampling devices, reflecting the state or changes in the environment. In essence, this class captures the tangible outcomes of interactions within a semantic sensor network. ['(""Outputs may result from the operation of sensors"")']"
"Platform,hasDeployment,some,Deployment",Platform,hasDeployment,some,Deployment,original,"A Platform serves as a foundational structure that supports and integrates various systems within a sensor network. It exclusively hosts systems, ensuring that only compatible entities operate within its framework. Additionally, a Platform is always associated with a deployment context, indicating its specific operational environment. This class plays a critical role in managing and coordinating the interactions between different components of the sensor network. ['(""a Platform is always associated with a deployment context, indicating its specific operational environment."")']","A Platform serves as a foundational structure that supports and integrates various systems within a sensor network. It exclusively hosts systems, ensuring that only compatible entities operate within its framework. Additionally, a Platform is always associated with a deployment context, indicating its specific operational environment. This class plays a critical role in managing and coordinating the interactions between different components of the sensor network. ['(""a Platform is always associated with a deployment context, indicating its specific operational environment."")']"
"Platform,hosts,only,System",Platform,hosts,only,System,original,"A Platform serves as a foundational structure that supports and integrates various systems within a sensor network. It exclusively hosts systems, ensuring that only compatible entities operate within its framework. Additionally, a Platform is always associated with a deployment context, indicating its specific operational environment. This class plays a critical role in managing and coordinating the interactions between different components of the sensor network. ['(""exclusively hosts systems, ensuring that only compatible entities operate within its framework."")']","A Platform serves as a foundational structure that supports and integrates various systems within a sensor network. It exclusively hosts systems, ensuring that only compatible entities operate within its framework. Additionally, a Platform is always associated with a deployment context, indicating its specific operational environment. This class plays a critical role in managing and coordinating the interactions between different components of the sensor network. ['(""exclusively hosts systems, ensuring that only compatible entities operate within its framework."")']"
"Procedure,deployedSystem,some,System",Procedure,deployedSystem,some,System,original,"A Procedure refers to a structured set of actions or steps designed to achieve a specific outcome. It is characterized by its exclusive reliance on defined inputs and outputs, ensuring that the process is clearly delineated and reproducible. Additionally, each Procedure is executed by a designated system, which embodies the necessary capabilities to carry out the prescribed actions. This class encapsulates the essence of systematic methodologies employed in various contexts, particularly within the realm of sensor networks. ['(""each Procedure is executed by a designated system, which embodies the necessary capabilities to carry out the prescribed actions"")']","A Procedure refers to a structured set of actions or steps designed to achieve a specific outcome. It is characterized by its exclusive reliance on defined inputs and outputs, ensuring that the process is clearly delineated and reproducible. Additionally, each Procedure is executed by a designated system, which embodies the necessary capabilities to carry out the prescribed actions. This class encapsulates the essence of systematic methodologies employed in various contexts, particularly within the realm of sensor networks. ['(""each Procedure is executed by a designated system, which embodies the necessary capabilities to carry out the prescribed actions"")']"
"Procedure,hasInput,some,Input",Procedure,hasInput,some,Input,original,"A Procedure refers to a structured set of actions or steps designed to achieve a specific outcome. It is characterized by its exclusive reliance on defined inputs and outputs, ensuring that the process is clearly delineated and reproducible. Additionally, each Procedure is executed by a designated system, which embodies the necessary capabilities to carry out the prescribed actions. This class encapsulates the essence of systematic methodologies employed in various contexts, particularly within the realm of sensor networks. ['(""its exclusive reliance on defined inputs and outputs"" – indicating that a Procedure works with defined inputs)']","A Procedure refers to a structured set of actions or steps designed to achieve a specific outcome. It is characterized by its exclusive reliance on defined inputs and outputs, ensuring that the process is clearly delineated and reproducible. Additionally, each Procedure is executed by a designated system, which embodies the necessary capabilities to carry out the prescribed actions. This class encapsulates the essence of systematic methodologies employed in various contexts, particularly within the realm of sensor networks. ['(""its exclusive reliance on defined inputs and outputs"" – indicating that a Procedure works with defined inputs)']"
"Procedure,hasOutput,some,Output",Procedure,hasOutput,some,Output,original,"A Procedure refers to a structured set of actions or steps designed to achieve a specific outcome. It is characterized by its exclusive reliance on defined inputs and outputs, ensuring that the process is clearly delineated and reproducible. Additionally, each Procedure is executed by a designated system, which embodies the necessary capabilities to carry out the prescribed actions. This class encapsulates the essence of systematic methodologies employed in various contexts, particularly within the realm of sensor networks. ['(""its exclusive reliance on defined inputs and outputs"" – indicating that a Procedure produces defined outputs)']","A Procedure refers to a structured set of actions or steps designed to achieve a specific outcome. It is characterized by its exclusive reliance on defined inputs and outputs, ensuring that the process is clearly delineated and reproducible. Additionally, each Procedure is executed by a designated system, which embodies the necessary capabilities to carry out the prescribed actions. This class encapsulates the essence of systematic methodologies employed in various contexts, particularly within the realm of sensor networks. ['(""its exclusive reliance on defined inputs and outputs"" – indicating that a Procedure produces defined outputs)']"
"Property,hasFeatureOfInterest,some,FeatureOfInterest",Property,hasFeatureOfInterest,some,FeatureOfInterest,original,"The Property class represents characteristics or attributes that can be associated with a specific feature of interest. Each property is uniquely tied to a feature, ensuring that it describes only that particular aspect or quality. This class serves as a foundational element in defining the various measurable or describable aspects of the entities within a semantic sensor network. Properties enable the differentiation and specification of features, facilitating effective data interpretation and analysis. ['Each property is uniquely tied to a feature, ensuring that it describes only that particular aspect or quality.']","The Property class represents characteristics or attributes that can be associated with a specific feature of interest. Each property is uniquely tied to a feature, ensuring that it describes only that particular aspect or quality. This class serves as a foundational element in defining the various measurable or describable aspects of the entities within a semantic sensor network. Properties enable the differentiation and specification of features, facilitating effective data interpretation and analysis. ['Each property is uniquely tied to a feature, ensuring that it describes only that particular aspect or quality.']"
"Result,hasFeatureOfInterest,some,FeatureOfInterest",Result,hasFeatureOfInterest,some,FeatureOfInterest,original,"The Result class represents the outcomes or findings obtained from observations or measurements taken in a semantic sensor network. It encapsulates the data generated as a consequence of various interactions with the environment, often reflecting the state or condition of a particular feature of interest. Results are essential for understanding the implications of sensor readings and can inform subsequent actions or decisions. This class serves as a vital link between the raw data collected and the insights derived from that data. ['(""often reflecting the state or condition of a particular feature of interest"")']","The Result class represents the outcomes or findings obtained from observations or measurements taken in a semantic sensor network. It encapsulates the data generated as a consequence of various interactions with the environment, often reflecting the state or condition of a particular feature of interest. Results are essential for understanding the implications of sensor readings and can inform subsequent actions or decisions. This class serves as a vital link between the raw data collected and the insights derived from that data. ['(""often reflecting the state or condition of a particular feature of interest"")']"
"Result,isResultOf,some,Observation",Result,isResultOf,some,Observation,original,"The Result class represents the outcomes or findings obtained from observations or measurements taken in a semantic sensor network. It encapsulates the data generated as a consequence of various interactions with the environment, often reflecting the state or condition of a particular feature of interest. Results are essential for understanding the implications of sensor readings and can inform subsequent actions or decisions. This class serves as a vital link between the raw data collected and the insights derived from that data. ['(""obtained from observations or measurements taken in a semantic sensor network"")']","The Result class represents the outcomes or findings obtained from observations or measurements taken in a semantic sensor network. It encapsulates the data generated as a consequence of various interactions with the environment, often reflecting the state or condition of a particular feature of interest. Results are essential for understanding the implications of sensor readings and can inform subsequent actions or decisions. This class serves as a vital link between the raw data collected and the insights derived from that data. ['(""obtained from observations or measurements taken in a semantic sensor network"")']"
"Sample,madeSampling,some,Sampling",Sample,madeSampling,some,Sampling,original,"A Sample is a representation of a specific instance of a Feature of Interest, often collected during a Sampling procedure. Each Sample is uniquely associated with the act of Sampling that produced it, ensuring that it reflects the conditions or characteristics of the Feature being observed. This relationship emphasizes the importance of context and methodology in the interpretation of the Sample. As a result, Samples serve as crucial data points in the analysis and understanding of various phenomena. ['(""Sample is described as being collected during a Sampling procedure and is uniquely associated with the act of Sampling that produced it"")']","A Sample is a representation of a specific instance of a Feature of Interest, often collected during a Sampling procedure. Each Sample is uniquely associated with the act of Sampling that produced it, ensuring that it reflects the conditions or characteristics of the Feature being observed. This relationship emphasizes the importance of context and methodology in the interpretation of the Sample. As a result, Samples serve as crucial data points in the analysis and understanding of various phenomena. ['(""Sample is described as being collected during a Sampling procedure and is uniquely associated with the act of Sampling that produced it"")']"
"Sampler,hasFeatureOfInterest,only,FeatureOfInterest",Sampler,hasFeatureOfInterest,only,FeatureOfInterest,original,"A Sampler is a specialized system designed to collect data from a specific feature of interest. It performs this function by engaging in sampling activities that adhere to defined protocols or methods. This class is characterized by its exclusive involvement in sampling processes, ensuring that all operations it conducts are directly related to the act of sampling. Samplers are essential components in the broader context of data collection and analysis within sensor networks. ['(""designed to collect data from a specific feature of interest"" indicates that the Sampler’s related feature must be a FeatureOfInterest)']","A Sampler is a specialized system designed to collect data from a specific feature of interest. It performs this function by engaging in sampling activities that adhere to defined protocols or methods. This class is characterized by its exclusive involvement in sampling processes, ensuring that all operations it conducts are directly related to the act of sampling. Samplers are essential components in the broader context of data collection and analysis within sensor networks. ['(""designed to collect data from a specific feature of interest"" indicates that the Sampler’s related feature must be a FeatureOfInterest)']"
"Sampler,madeSampling,only,Sampling",Sampler,madeSampling,only,Sampling,original,"A Sampler is a specialized system designed to collect data from a specific feature of interest. It performs this function by engaging in sampling activities that adhere to defined protocols or methods. This class is characterized by its exclusive involvement in sampling processes, ensuring that all operations it conducts are directly related to the act of sampling. Samplers are essential components in the broader context of data collection and analysis within sensor networks. ['(""all operations it conducts are directly related to the act of sampling"" from ""Samplers are characterized by its exclusive involvement in sampling processes"")']","A Sampler is a specialized system designed to collect data from a specific feature of interest. It performs this function by engaging in sampling activities that adhere to defined protocols or methods. This class is characterized by its exclusive involvement in sampling processes, ensuring that all operations it conducts are directly related to the act of sampling. Samplers are essential components in the broader context of data collection and analysis within sensor networks. ['(""all operations it conducts are directly related to the act of sampling"" from ""Samplers are characterized by its exclusive involvement in sampling processes"")']"
"Sampling,hasFeatureOfInterest,some,FeatureOfInterest",Sampling,hasFeatureOfInterest,some,FeatureOfInterest,original,"Sampling refers to the process of collecting data from a specific feature of interest, ensuring that the data gathered is representative of that feature. This process is exclusively conducted by a sampler, which is responsible for carrying out the sampling activities. Each sampling operation follows a defined procedure to ensure consistency and reliability in the data collection. The outcome of sampling is a sample that reflects the observations made during the process. ['Sampling refers to the process of collecting data from a specific feature of interest, ensuring that the data gathered is representative of that feature.']","Sampling refers to the process of collecting data from a specific feature of interest, ensuring that the data gathered is representative of that feature. This process is exclusively conducted by a sampler, which is responsible for carrying out the sampling activities. Each sampling operation follows a defined procedure to ensure consistency and reliability in the data collection. The outcome of sampling is a sample that reflects the observations made during the process. ['Sampling refers to the process of collecting data from a specific feature of interest, ensuring that the data gathered is representative of that feature.']"
"Sampling,hasSample,some,Sample",Sampling,hasSample,some,Sample,original,"Sampling refers to the process of collecting data from a specific feature of interest, ensuring that the data gathered is representative of that feature. This process is exclusively conducted by a sampler, which is responsible for carrying out the sampling activities. Each sampling operation follows a defined procedure to ensure consistency and reliability in the data collection. The outcome of sampling is a sample that reflects the observations made during the process. ['The outcome of sampling is a sample that reflects the observations made during the process.']","Sampling refers to the process of collecting data from a specific feature of interest, ensuring that the data gathered is representative of that feature. This process is exclusively conducted by a sampler, which is responsible for carrying out the sampling activities. Each sampling operation follows a defined procedure to ensure consistency and reliability in the data collection. The outcome of sampling is a sample that reflects the observations made during the process. ['The outcome of sampling is a sample that reflects the observations made during the process.']"
"Sampling,madeBySampler,some,Sampler",Sampling,madeBySampler,some,Sampler,original,"Sampling refers to the process of collecting data from a specific feature of interest, ensuring that the data gathered is representative of that feature. This process is exclusively conducted by a sampler, which is responsible for carrying out the sampling activities. Each sampling operation follows a defined procedure to ensure consistency and reliability in the data collection. The outcome of sampling is a sample that reflects the observations made during the process. ['This process is exclusively conducted by a sampler, which is responsible for carrying out the sampling activities.']","Sampling refers to the process of collecting data from a specific feature of interest, ensuring that the data gathered is representative of that feature. This process is exclusively conducted by a sampler, which is responsible for carrying out the sampling activities. Each sampling operation follows a defined procedure to ensure consistency and reliability in the data collection. The outcome of sampling is a sample that reflects the observations made during the process. ['This process is exclusively conducted by a sampler, which is responsible for carrying out the sampling activities.']"
"Sampling,usedProcedure,some,Procedure",Sampling,usedProcedure,some,Procedure,original,"Sampling refers to the process of collecting data from a specific feature of interest, ensuring that the data gathered is representative of that feature. This process is exclusively conducted by a sampler, which is responsible for carrying out the sampling activities. Each sampling operation follows a defined procedure to ensure consistency and reliability in the data collection. The outcome of sampling is a sample that reflects the observations made during the process. ['Each sampling operation follows a defined procedure to ensure consistency and reliability in the data collection.']","Sampling refers to the process of collecting data from a specific feature of interest, ensuring that the data gathered is representative of that feature. This process is exclusively conducted by a sampler, which is responsible for carrying out the sampling activities. Each sampling operation follows a defined procedure to ensure consistency and reliability in the data collection. The outcome of sampling is a sample that reflects the observations made during the process. ['Each sampling operation follows a defined procedure to ensure consistency and reliability in the data collection.']"
"Sensor,detects,some,Stimulus",Sensor,detects,some,Stimulus,original,"A Sensor is a device designed to detect and respond to physical stimuli in the environment, such as light, temperature, or pressure. It operates by making observations that are strictly tied to specific measurable phenomena, ensuring accurate data collection. Additionally, a Sensor is capable of observing particular properties, which define the characteristics it monitors. Through its functionality, a Sensor plays a crucial role in gathering information about various stimuli, contributing to a deeper understanding of the surrounding environment. ['(""designed to detect and respond to physical stimuli in the environment, such as light, temperature, or pressure"")']","A Sensor is a device designed to detect and respond to physical stimuli in the environment, such as light, temperature, or pressure. It operates by making observations that are strictly tied to specific measurable phenomena, ensuring accurate data collection. Additionally, a Sensor is capable of observing particular properties, which define the characteristics it monitors. Through its functionality, a Sensor plays a crucial role in gathering information about various stimuli, contributing to a deeper understanding of the surrounding environment. ['(""designed to detect and respond to physical stimuli in the environment, such as light, temperature, or pressure"")']"
"Sensor,observes,some,ObservableProperty",Sensor,observes,some,ObservableProperty,original,"A Sensor is a device designed to detect and respond to physical stimuli in the environment, such as light, temperature, or pressure. It operates by making observations that are strictly tied to specific measurable phenomena, ensuring accurate data collection. Additionally, a Sensor is capable of observing particular properties, which define the characteristics it monitors. Through its functionality, a Sensor plays a crucial role in gathering information about various stimuli, contributing to a deeper understanding of the surrounding environment. ['(""capable of observing particular properties, which define the characteristics it monitors"")']","A Sensor is a device designed to detect and respond to physical stimuli in the environment, such as light, temperature, or pressure. It operates by making observations that are strictly tied to specific measurable phenomena, ensuring accurate data collection. Additionally, a Sensor is capable of observing particular properties, which define the characteristics it monitors. Through its functionality, a Sensor plays a crucial role in gathering information about various stimuli, contributing to a deeper understanding of the surrounding environment. ['(""capable of observing particular properties, which define the characteristics it monitors"")']"
"Stimulus,actsOnProperty,some,ObservableProperty",Stimulus,actsOnProperty,some,ObservableProperty,original,"A Stimulus is an entity that serves as a trigger for observations within a sensor network. It is intrinsically linked to specific observable properties, ensuring that each stimulus is associated with a defined aspect of interest in the surrounding environment. This connection allows for the meaningful interpretation of data collected in response to the stimulus. In essence, stimuli play a vital role in enhancing the understanding of dynamic conditions by prompting relevant measurements. ['(""It is intrinsically linked to specific observable properties, ensuring that each stimulus is associated with a defined aspect of interest in the surrounding environment."")']","A Stimulus is an entity that serves as a trigger for observations within a sensor network. It is intrinsically linked to specific observable properties, ensuring that each stimulus is associated with a defined aspect of interest in the surrounding environment. This connection allows for the meaningful interpretation of data collected in response to the stimulus. In essence, stimuli play a vital role in enhancing the understanding of dynamic conditions by prompting relevant measurements. ['(""It is intrinsically linked to specific observable properties, ensuring that each stimulus is associated with a defined aspect of interest in the surrounding environment."")']"
"System,deployedOnPlatform,some,Platform",System,deployedOnPlatform,some,Platform,original,"A System is a structured arrangement that operates within a specific Platform and is characterized by its ability to host various components. It encompasses Deployments, which define how the System is executed, and may include SubSystems that work collaboratively to achieve overarching goals. Additionally, every System implements specific Procedures that guide its operations and functionalities. This integration of components and processes enables the System to perform complex tasks efficiently. ['(""operates within a specific Platform"")']","A System is a structured arrangement that operates within a specific Platform and is characterized by its ability to host various components. It encompasses Deployments, which define how the System is executed, and may include SubSystems that work collaboratively to achieve overarching goals. Additionally, every System implements specific Procedures that guide its operations and functionalities. This integration of components and processes enables the System to perform complex tasks efficiently. ['(""operates within a specific Platform"")']"
"System,hasDeployment,some,Deployment",System,hasDeployment,some,Deployment,original,"A System is a structured arrangement that operates within a specific Platform and is characterized by its ability to host various components. It encompasses Deployments, which define how the System is executed, and may include SubSystems that work collaboratively to achieve overarching goals. Additionally, every System implements specific Procedures that guide its operations and functionalities. This integration of components and processes enables the System to perform complex tasks efficiently. ['(""encompasses Deployments, which define how the System is executed"")']","A System is a structured arrangement that operates within a specific Platform and is characterized by its ability to host various components. It encompasses Deployments, which define how the System is executed, and may include SubSystems that work collaboratively to achieve overarching goals. Additionally, every System implements specific Procedures that guide its operations and functionalities. This integration of components and processes enables the System to perform complex tasks efficiently. ['(""encompasses Deployments, which define how the System is executed"")']"
"System,hasSubSystem,some,System",System,hasSubSystem,some,System,original,"A System is a structured arrangement that operates within a specific Platform and is characterized by its ability to host various components. It encompasses Deployments, which define how the System is executed, and may include SubSystems that work collaboratively to achieve overarching goals. Additionally, every System implements specific Procedures that guide its operations and functionalities. This integration of components and processes enables the System to perform complex tasks efficiently. ['(""may include SubSystems that work collaboratively to achieve overarching goals"")']","A System is a structured arrangement that operates within a specific Platform and is characterized by its ability to host various components. It encompasses Deployments, which define how the System is executed, and may include SubSystems that work collaboratively to achieve overarching goals. Additionally, every System implements specific Procedures that guide its operations and functionalities. This integration of components and processes enables the System to perform complex tasks efficiently. ['(""may include SubSystems that work collaboratively to achieve overarching goals"")']"
"System,implements,some,Procedure",System,implements,some,Procedure,original,"A System is a structured arrangement that operates within a specific Platform and is characterized by its ability to host various components. It encompasses Deployments, which define how the System is executed, and may include SubSystems that work collaboratively to achieve overarching goals. Additionally, every System implements specific Procedures that guide its operations and functionalities. This integration of components and processes enables the System to perform complex tasks efficiently. ['(""every System implements specific Procedures that guide its operations and functionalities"")']","A System is a structured arrangement that operates within a specific Platform and is characterized by its ability to host various components. It encompasses Deployments, which define how the System is executed, and may include SubSystems that work collaboratively to achieve overarching goals. Additionally, every System implements specific Procedures that guide its operations and functionalities. This integration of components and processes enables the System to perform complex tasks efficiently. ['(""every System implements specific Procedures that guide its operations and functionalities"")']"
